{"cameraMode":{"drawMode":0,"name":"Shaded","section":"Shading Mode"},"sceneLighting":false,"audioPlay":false,"sceneViewState":{"showFog":true,"showMaterialUpdate":false,"showSkybox":true,"showFlares":true,"showImageEffects":true,"showParticleSystems":true},"in2DMode":false,"pivot":{"x":42.51228713989258,"y":4.216811180114746,"z":-17.349145889282228},"rotation":{"x":-0.019364582374691964,"y":-0.8581788539886475,"z":0.032463498413562778,"w":-0.5119628310203552},"size":69.07289123535156,"orthographic":false}