{"cameraMode":{"drawMode":0,"name":"Shaded","section":"Shading Mode"},"sceneLighting":false,"audioPlay":false,"sceneViewState":{"showFog":true,"showMaterialUpdate":false,"showSkybox":true,"showFlares":true,"showImageEffects":true,"showParticleSystems":true},"in2DMode":false,"pivot":{"x":-45.29068374633789,"y":25.028791427612306,"z":-26.8806095123291},"rotation":{"x":0.09680423140525818,"y":0.8549146056175232,"z":0.17258062958717347,"w":-0.4795512557029724},"size":61.16093826293945,"orthographic":false}